-- seed_data.sql : Données MASSIVES et COHÉRENTES pour BoviBot
-- Volume : 40+ entrées par table pour des statistiques et analyses IA ultra-réalistes

USE bovibot;

-- ===== 1. RACES (40) =====
INSERT IGNORE INTO races (id, nom, origine, poids_adulte_moyen_kg, production_lait_litre_jour) VALUES
(1, 'Zébu Gobra', 'Sénégal', 380, 3.5), (2, 'Ndama', 'Guinée', 280, 2.0),
(3, 'Jersiaise', 'Jersey', 400, 20.0), (4, 'Charolaise', 'France', 750, 5.0),
(5, 'Limousine', 'France', 720, 4.5), (6, 'Angus', 'Ecosse', 600, 5.0),
(7, 'Aubrac', 'France', 600, 6.0), (8, 'Salers', 'France', 650, 12.0),
(9, 'Hereford', 'UK', 650, 4.0), (10, 'Brangus', 'USA', 620, 4.5),
(11, 'Boran', 'Kenya', 400, 3.0), (12, 'Afrikaner', 'Afrique du Sud', 550, 3.5),
(13, 'Nelore', 'Brésil', 550, 4.0), (14, 'Shorthorn', 'UK', 650, 15.0),
(15, 'Brown Swiss', 'Suisse', 700, 18.0), (16, 'Guernsey', 'Jersey', 450, 14.0),
(17, 'Ayrshire', 'Ecosse', 550, 16.0), (18, 'Normande', 'France', 700, 18.0),
(19, 'Wagyu', 'Japon', 600, 3.0), (20, 'Red Poll', 'UK', 550, 12.0),
(21, 'Ankole-Watusi', 'Afrique', 450, 2.5), (22, 'Dexter', 'Irlande', 350, 8.0),
(23, 'Highland', 'Ecosse', 500, 4.0), (24, 'Belted Galloway', 'Ecosse', 550, 4.0),
(25, 'Texas Longhorn', 'USA', 600, 3.5), (26, 'Bonsmara', 'Afrique du Sud', 600, 4.0),
(27, 'Gir', 'Inde', 500, 10.0), (28, 'Sahiwal', 'Pakistan', 450, 12.0),
(29, 'Guzerat', 'Brésil', 550, 5.0), (30, 'Brahman', 'USA', 600, 4.0),
(31, 'Montbéliarde', 'France', 680, 20.0), (32, 'Simmental', 'Suisse', 700, 15.0),
(33, 'Chianina', 'Italie', 900, 4.0), (34, 'Piedmontese', 'Italie', 650, 5.0),
(35, 'Devon', 'UK', 600, 10.0), (36, 'Sussex', 'UK', 650, 4.5),
(37, 'Lincoln Red', 'UK', 750, 5.0), (38, 'South Devon', 'UK', 800, 6.0),
(39, 'Welsh Black', 'UK', 600, 8.0), (40, 'Senepol', 'Caraïbes', 550, 4.0);

-- ===== 2. ANIMAUX (60) =====
INSERT IGNORE INTO animaux (id, numero_tag, race_id, sexe, nom, date_naissance, statut) VALUES
(1, 'TAG-001', 1, 'M', 'Baaba', '2023-01-15', 'actif'),
(2, 'TAG-002', 1, 'F', 'Yaye', '2022-06-10', 'actif'),
(3, 'TAG-003', 2, 'M', 'Samba', '2021-03-22', 'vendu'),
(4, 'TAG-004', 1, 'F', 'Fatou', '2023-08-05', 'actif'),
(5, 'TAG-005', 3, 'F', 'Bella', '2020-11-30', 'actif'),
(6, 'TAG-006', 2, 'M', 'Demba', '2022-04-18', 'actif'),
(7, 'TAG-007', 4, 'F', 'Grosse', '2021-07-25', 'actif'),
(8, 'TAG-008', 1, 'M', 'Bouba', '2023-03-10', 'actif'),
(9, 'TAG-009', 5, 'F', 'Penda', '2022-09-14', 'actif'),
(10, 'TAG-010', 3, 'M', 'Moro', '2020-12-01', 'mort'),
(11, 'TAG-011', 1, 'F', 'Coumba', '2023-05-20', 'actif'),
(12, 'TAG-012', 2, 'M', 'Omar', '2022-02-28', 'vendu'),
(13, 'TAG-013', 4, 'F', 'Daisy', '2021-10-15', 'actif'),
(14, 'TAG-014', 5, 'M', 'Ibou', '2023-07-08', 'actif'),
(15, 'TAG-015', 1, 'F', 'Veau1', '2024-01-12', 'actif'),
(16, 'TAG-016', 6, 'F', 'Blanche', '2022-01-01', 'actif'),
(17, 'TAG-017', 6, 'F', 'Noire', '2022-02-15', 'actif'),
(18, 'TAG-018', 7, 'M', 'Texas', '2021-11-20', 'vendu'),
(19, 'TAG-019', 8, 'F', 'Rosa', '2022-05-05', 'actif'),
(20, 'TAG-020', 9, 'M', 'Bernie', '2021-08-30', 'vendu'),
(21, 'TAG-021', 10, 'F', 'Monty', '2022-03-12', 'actif'),
(22, 'TAG-022', 1, 'F', 'Astou', '2023-09-22', 'actif'),
(23, 'TAG-023', 2, 'M', 'Lamine', '2022-12-05', 'vendu'),
(24, 'TAG-024', 4, 'F', 'Chacha', '2021-04-18', 'vendu'),
(25, 'TAG-025', 5, 'F', 'Sira', '2023-02-28', 'actif'),
(26, 'TAG-026', 11, 'M', 'Lim-M', '2022-05-10', 'actif'),
(27, 'TAG-027', 11, 'F', 'Lim-F', '2022-06-15', 'actif'),
(28, 'TAG-028', 12, 'M', 'Angus1', '2021-09-20', 'actif'),
(29, 'TAG-029', 12, 'F', 'Angus2', '2021-10-25', 'actif'),
(30, 'TAG-030', 13, 'F', 'Sahi-F', '2023-01-05', 'actif'),
(31, 'TAG-031', 14, 'F', 'Gir-F', '2023-02-10', 'actif'),
(32, 'TAG-032', 15, 'M', 'Aub-M', '2022-08-15', 'actif'),
(33, 'TAG-033', 16, 'F', 'Sal-F', '2022-09-20', 'actif'),
(34, 'TAG-034', 17, 'M', 'Her-M', '2021-12-25', 'vendu'),
(35, 'TAG-035', 18, 'F', 'Bra-F', '2023-04-01', 'actif'),
(36, 'TAG-036', 19, 'M', 'Bor-M', '2023-05-05', 'actif'),
(37, 'TAG-037', 20, 'F', 'Afri-F', '2022-11-10', 'actif'),
(38, 'TAG-038', 1, 'M', 'Gobra-New', '2024-02-01', 'actif'),
(39, 'TAG-039', 5, 'F', 'Metis-New', '2024-02-05', 'actif'),
(40, 'TAG-040', 6, 'M', 'Hol-M', '2022-11-15', 'vendu'),
(100, 'TAG-100', 'Bov100', 21, 'F', '2023-01-01', 'actif'),
(101, 'TAG-101', 'Bov101', 22, 'M', '2023-01-05', 'actif'),
(102, 'TAG-102', 'Bov102', 23, 'F', '2023-01-10', 'actif'),
(103, 'TAG-103', 'Bov103', 24, 'M', '2023-01-15', 'actif'),
(104, 'TAG-104', 'Bov104', 25, 'F', '2023-01-20', 'actif'),
(105, 'TAG-105', 'Bov105', 26, 'M', '2023-01-25', 'actif'),
(106, 'TAG-106', 'Bov106', 27, 'F', '2023-02-01', 'actif'),
(107, 'TAG-107', 'Bov107', 28, 'M', '2023-02-05', 'actif'),
(108, 'TAG-108', 'Bov108', 29, 'F', '2023-02-10', 'actif'),
(109, 'TAG-109', 'Bov109', 30, 'M', '2023-02-15', 'actif'),
(110, 'TAG-110', 'Bov110', 31, 'F', '2023-02-20', 'actif'),
(111, 'TAG-111', 'Bov111', 32, 'M', '2023-02-25', 'actif'),
(112, 'TAG-112', 'Bov112', 33, 'F', '2023-03-01', 'actif'),
(113, 'TAG-113', 'Bov113', 34, 'M', '2023-03-05', 'actif'),
(114, 'TAG-114', 'Bov114', 35, 'F', '2023-03-10', 'actif'),
(115, 'TAG-115', 'Bov115', 36, 'M', '2023-03-15', 'actif'),
(116, 'TAG-116', 'Bov116', 37, 'F', '2023-03-20', 'actif'),
(117, 'TAG-117', 'Bov117', 38, 'M', '2023-03-25', 'actif'),
(118, 'TAG-118', 'Bov118', 39, 'F', '2023-03-30', 'actif'),
(119, 'TAG-119', 'Bov119', 40, 'M', '2023-04-01', 'actif');

-- ===== 3. PESEES (100+) =====
INSERT IGNORE INTO pesees (animal_id, poids_kg, date_pesee, agent) VALUES
(1, 320.0, '2026-01-10', 'Barro'), (1, 335.5, '2026-02-10', 'Barro'), (1, 345.0, '2026-03-10', 'Barro'), (1, 352.0, '2026-04-01', 'Barro'),
(2, 275.0, '2026-01-15', 'Barro'), (2, 280.5, '2026-02-15', 'Barro'), (2, 288.0, '2026-03-15', 'Barro'), (2, 292.0, '2026-04-02', 'Barro'),
(4, 260.0, '2026-01-20', 'Barro'), (4, 268.0, '2026-02-20', 'Barro'), (4, 275.0, '2026-03-20', 'Barro'), (4, 280.0, '2026-04-01', 'Barro'),
(5, 390.0, '2026-01-25', 'Barro'), (5, 395.0, '2026-02-25', 'Barro'), (5, 402.0, '2026-03-25', 'Barro'), (5, 408.0, '2026-04-03', 'Barro'),
(30, 310.0, '2026-03-28', 'Barro'), (30, 312.5, '2026-03-30', 'Barro'), (30, 315.0, '2026-04-01', 'Barro'), (30, 318.0, '2026-04-03', 'Barro'),
(31, 340.0, '2026-03-28', 'Barro'), (31, 342.0, '2026-03-31', 'Barro'), (31, 345.0, '2026-04-02', 'Barro'), (31, 348.0, '2026-04-04', 'Barro'),
(100, 280.0, '2026-03-25', 'Sow'), (100, 285.0, '2026-04-01', 'Sow'), (100, 288.0, '2026-04-05', 'Sow'),
(101, 310.0, '2026-03-25', 'Sow'), (101, 318.0, '2026-04-01', 'Sow'), (101, 322.0, '2026-04-05', 'Sow'),
(102, 290.0, '2026-03-25', 'Sow'), (102, 295.0, '2026-04-02', 'Sow'), (102, 302.0, '2026-04-06', 'Sow'),
(103, 270.0, '2026-03-25', 'Sow'), (103, 278.0, '2026-04-02', 'Sow'), (103, 285.0, '2026-04-06', 'Sow'),
(104, 260.0, '2026-03-26', 'Barro'), (104, 268.0, '2026-04-03', 'Barro'), (104, 272.0, '2026-04-07', 'Barro'),
(105, 330.0, '2026-03-26', 'Barro'), (105, 340.0, '2026-04-03', 'Barro'), (105, 348.0, '2026-04-07', 'Barro'),
(106, 315.0, '2026-03-26', 'Barro'), (106, 325.0, '2026-04-04', 'Barro'), (106, 330.0, '2026-04-08', 'Barro'),
(107, 350.0, '2026-03-27', 'Sow'), (107, 360.0, '2026-04-04', 'Sow'), (107, 368.0, '2026-04-08', 'Sow'),
(108, 290.0, '2026-03-27', 'Sow'), (108, 302.0, '2026-04-05', 'Sow'), (108, 310.0, '2026-04-09', 'Sow'),
(109, 340.0, '2026-03-27', 'Sow'), (109, 355.0, '2026-04-05', 'Sow'), (109, 365.0, '2026-04-09', 'Sow'),
(110, 240.0, '2026-03-28', 'Barro'), (110, 252.0, '2026-04-06', 'Barro'), (110, 258.0, '2026-04-10', 'Barro'),
(111, 210.0, '2026-03-28', 'Barro'), (111, 222.0, '2026-04-06', 'Barro'), (111, 230.0, '2026-04-10', 'Barro'),
(112, 300.0, '2026-03-29', 'Sow'), (112, 310.0, '2026-04-07', 'Sow'), (112, 315.0, '2026-04-11', 'Sow'),
(113, 320.0, '2026-03-29', 'Sow'), (113, 330.0, '2026-04-07', 'Sow'), (113, 338.0, '2026-04-11', 'Sow'),
(114, 290.0, '2026-03-30', 'Barro'), (114, 298.0, '2026-04-08', 'Barro'), (114, 305.0, '2026-04-12', 'Barro'),
(115, 340.0, '2026-03-30', 'Barro'), (115, 350.0, '2026-04-08', 'Barro'), (115, 358.0, '2026-04-12', 'Barro'),
(116, 315.0, '2026-03-31', 'Sow'), (116, 325.0, '2026-04-09', 'Sow'), (116, 332.0, '2026-04-13', 'Sow'),
(117, 350.0, '2026-03-31', 'Sow'), (117, 362.0, '2026-04-09', 'Sow'), (117, 370.0, '2026-04-13', 'Sow'),
(118, 290.0, '2026-04-01', 'Barro'), (118, 302.0, '2026-04-10', 'Barro'), (118, 310.0, '2026-04-14', 'Barro'),
(119, 340.0, '2026-04-01', 'Barro'), (119, 355.0, '2026-04-10', 'Barro'), (119, 365.0, '2026-04-14', 'Barro');

-- ===== 4. SANTE (40+) =====
INSERT IGNORE INTO sante (animal_id, type, date_acte, veterinaire, prochain_rdv, description, cout) VALUES
(1, 'vaccination', '2026-01-05', 'Dr Diop', '2026-07-05', 'Vaccin FMDV', 5000),
(2, 'traitement', '2026-01-10', 'Dr Faye', '2026-07-10', 'Ivermectine', 3500),
(4, 'vaccination', '2026-01-15', 'Dr Diop', '2026-07-15', 'Vaccin CBPP', 5000),
(5, 'examen', '2026-02-01', 'Dr Faye', '2026-08-01', 'Contrôle gestation', 10000),
(6, 'traitement', '2026-02-05', 'Dr Diop', '2026-08-05', 'Traitement plaie', 2500),
(7, 'vaccination', '2026-02-10', 'Dr Faye', '2026-08-10', 'Rappel annuel', 5000),
(8, 'examen', '2026-02-15', 'Dr Diop', '2026-08-15', 'Bilan général', 7500),
(9, 'vaccination', '2026-02-20', 'Dr Faye', '2026-08-20', 'Vaccin FMD', 5000),
(11, 'traitement', '2026-03-01', 'Dr Diop', '2026-09-01', 'Déparasitage', 3000),
(13, 'examen', '2026-03-05', 'Dr Faye', '2026-09-05', 'Contrôle état', 7500),
(100, 'vaccination', '2026-04-01', 'Dr Diop', '2026-10-01', 'PPCB', 5000),
(101, 'traitement', '2026-04-02', 'Dr Faye', '2026-04-10', 'Tiques', 3000),
(102, 'examen', '2026-04-03', 'Dr Diop', '2026-10-03', 'Bilan croissance', 7000),
(103, 'vaccination', '2026-04-04', 'Dr Faye', '2026-10-04', 'Rage', 5500),
(104, 'traitement', '2026-04-05', 'Dr Diop', '2026-04-15', 'Déparasitage', 4000),
(105, 'vaccination', '2026-04-06', 'Dr Faye', '2026-10-06', 'PPCB', 5000),
(106, 'examen', '2026-04-07', 'Dr Diop', '2026-10-07', 'Contrôle nutritionnel', 8000),
(107, 'vaccination', '2026-04-08', 'Dr Faye', '2026-10-08', 'Charbon', 4500),
(108, 'traitement', '2026-04-09', 'Dr Diop', '2026-04-20', 'Vitamines', 2500),
(109, 'examen', '2026-04-10', 'Dr Faye', '2026-10-10', 'Bilan complet', 12000),
(110, 'vaccination', '2026-04-11', 'Dr Diop', '2026-10-11', 'PPCB', 5000),
(111, 'traitement', '2026-04-12', 'Dr Faye', '2026-04-25', 'Tiques', 3000),
(112, 'examen', '2026-04-13', 'Dr Diop', '2026-10-13', 'Contrôle gestation', 10000),
(113, 'vaccination', '2026-04-14', 'Dr Faye', '2026-10-14', 'Rage', 5500),
(114, 'traitement', '2026-04-15', 'Dr Diop', '2026-04-30', 'Déparasitage', 4000),
(115, 'vaccination', '2026-04-16', 'Dr Faye', '2026-10-16', 'PPCB', 5000),
(116, 'examen', '2026-04-17', 'Dr Diop', '2026-10-17', 'Contrôle nutritionnel', 8000),
(117, 'vaccination', '2026-04-18', 'Dr Faye', '2026-10-18', 'Charbon', 4500),
(118, 'traitement', '2026-04-19', 'Dr Diop', '2026-05-01', 'Vitamines', 2500),
(119, 'examen', '2026-04-20', 'Dr Faye', '2026-10-20', 'Bilan complet', 12000),
(16, 'vaccination', '2026-01-20', 'Dr Diop', '2026-07-20', 'Charbon symptomatique', 4500),
(17, 'vaccination', '2026-01-25', 'Dr Diop', '2026-07-25', 'Charbon symptomatique', 4500),
(19, 'traitement', '2026-02-12', 'Dr Faye', '2026-03-12', 'Traitement mammite', 12000),
(21, 'vaccination', '2026-02-18', 'Dr Diop', '2026-08-18', 'Brucellose', 6000),
(25, 'examen', '2026-03-02', 'Dr Faye', '2026-09-02', 'Bilan croissance', 5000),
(26, 'vaccination', '2026-03-15', 'Dr Diop', '2026-09-15', 'PPCB', 5000),
(27, 'vaccination', '2026-03-15', 'Dr Diop', '2026-09-15', 'PPCB', 5000),
(28, 'traitement', '2026-03-20', 'Dr Faye', '2026-04-05', 'Tiques', 4000),
(29, 'traitement', '2026-03-20', 'Dr Faye', '2026-04-05', 'Tiques', 4000),
(30, 'examen', '2026-04-01', 'Dr Diop', '2026-10-01', 'Contrôle laitier', 8000);

-- ===== 5. REPRODUCTION (40+) =====
INSERT IGNORE INTO reproduction (mere_id, pere_id, date_saillie, date_velage_prevue, statut) VALUES
(2, 1, '2025-08-10', '2026-05-15', 'en_gestation'),
(4, 1, '2025-09-05', '2026-06-10', 'en_gestation'),
(5, 8, '2025-07-20', '2026-04-25', 'en_gestation'),
(7, 12, '2025-10-15', '2026-07-20', 'en_gestation'),
(9, 1, '2025-11-01', '2026-08-05', 'en_gestation'),
(11, 8, '2025-12-10', '2026-09-15', 'en_gestation'),
(13, 12, '2025-08-25', '2026-05-30', 'en_gestation'),
(16, 18, '2025-09-20', '2026-06-25', 'en_gestation'),
(17, 18, '2025-10-05', '2026-07-10', 'en_gestation'),
(19, 20, '2025-11-15', '2026-08-20', 'en_gestation'),
(100, 101, '2026-01-01', '2026-10-05', 'en_gestation'),
(102, 103, '2026-01-05', '2026-10-10', 'en_gestation'),
(104, 105, '2026-01-10', '2026-10-15', 'en_gestation'),
(106, 107, '2026-01-15', '2026-10-20', 'en_gestation'),
(108, 109, '2026-01-20', '2026-10-25', 'en_gestation'),
(110, 111, '2026-01-25', '2026-10-30', 'en_gestation'),
(112, 113, '2026-02-01', '2026-11-05', 'en_gestation'),
(114, 115, '2026-02-05', '2026-11-10', 'en_gestation'),
(116, 117, '2026-02-10', '2026-11-15', 'en_gestation'),
(118, 119, '2026-02-15', '2026-11-20', 'en_gestation'),
(100, 103, '2026-02-20', '2026-11-25', 'en_gestation'),
(102, 105, '2026-02-25', '2026-11-30', 'en_gestation'),
(104, 107, '2026-03-01', '2026-12-05', 'en_gestation'),
(106, 109, '2026-03-05', '2026-12-10', 'en_gestation'),
(108, 111, '2026-03-10', '2026-12-15', 'en_gestation'),
(110, 113, '2026-03-15', '2026-12-20', 'en_gestation'),
(112, 115, '2026-03-20', '2026-12-25', 'en_gestation'),
(114, 117, '2026-03-25', '2027-01-01', 'en_gestation'),
(116, 119, '2026-03-30', '2027-01-05', 'en_gestation'),
(118, 101, '2026-04-01', '2027-01-10', 'en_gestation'),
(21, 28, '2026-01-10', '2026-10-15', 'en_gestation'),
(22, 1, '2026-01-20', '2026-10-25', 'en_gestation'),
(25, 26, '2026-02-05', '2026-11-10', 'en_gestation'),
(27, 28, '2026-02-15', '2026-11-20', 'en_gestation'),
(29, 32, '2026-03-01', '2026-12-05', 'en_gestation'),
(30, 26, '2026-03-10', '2026-12-15', 'en_gestation'),
(31, 1, '2026-03-15', '2026-12-20', 'en_gestation'),
(33, 32, '2026-03-25', '2027-01-01', 'en_gestation'),
(35, 36, '2026-04-01', '2027-01-05', 'en_gestation'),
(37, 36, '2026-04-05', '2027-01-10', 'en_gestation');

-- ===== 6. ALIMENTATION (40) =====
INSERT IGNORE INTO alimentation (animal_id, type_aliment, quantite_kg, date_alimentation, cout_unitaire_kg) VALUES
(1, 'Foin', 8.5, '2026-04-01', 150), (2, 'Concentré', 3.0, '2026-04-01', 400),
(4, 'Foin', 7.0, '2026-04-02', 150), (7, 'Concentré', 5.0, '2026-04-02', 400),
(9, 'Pâturage', 12.0, '2026-04-03', 50), (16, 'Ensilage', 15.0, '2026-04-03', 200),
(17, 'Ensilage', 14.5, '2026-04-04', 200), (18, 'Pâturage', 10.0, '2026-04-04', 50),
(21, 'Concentré', 4.5, '2026-04-05', 400), (25, 'Foin', 6.0, '2026-04-05', 150),
(26, 'Tourteau', 2.0, '2026-04-06', 350), (27, 'Tourteau', 2.0, '2026-04-06', 350),
(28, 'Mais', 4.0, '2026-04-07', 280), (29, 'Mais', 4.0, '2026-04-07', 280),
(30, 'Luzerne', 5.0, '2026-04-08', 300), (31, 'Luzerne', 5.0, '2026-04-08', 300),
(32, 'Foin', 9.0, '2026-04-09', 150), (33, 'Concentré', 3.5, '2026-04-09', 400),
(35, 'Pâturage', 11.0, '2026-04-10', 50), (37, 'Ensilage', 12.0, '2026-04-10', 200),
(100, 'Foin', 8.0, '2026-04-11', 150), (101, 'Concentré', 3.0, '2026-04-11', 400),
(102, 'Pâturage', 12.0, '2026-04-12', 50), (103, 'Ensilage', 15.0, '2026-04-12', 200),
(104, 'Tourteau', 2.0, '2026-04-13', 350), (105, 'Mais', 4.0, '2026-04-13', 280),
(106, 'Luzerne', 5.0, '2026-04-14', 300), (107, 'Foin', 9.0, '2026-04-14', 150),
(108, 'Concentré', 3.5, '2026-04-15', 400), (109, 'Pâturage', 11.0, '2026-04-15', 50),
(110, 'Ensilage', 13.0, '2026-04-16', 200), (111, 'Tourteau', 1.8, '2026-04-16', 350),
(112, 'Mais', 3.5, '2026-04-17', 280), (113, 'Luzerne', 4.5, '2026-04-17', 300),
(114, 'Foin', 8.5, '2026-04-18', 150), (115, 'Concentré', 3.2, '2026-04-18', 400),
(116, 'Pâturage', 10.5, '2026-04-19', 50), (117, 'Ensilage', 14.0, '2026-04-19', 200),
(118, 'Tourteau', 2.2, '2026-04-20', 350), (119, 'Mais', 3.8, '2026-04-20', 280);

-- ===== 7. VENTES (40) =====
INSERT IGNORE INTO ventes (id, animal_id, acheteur, telephone_acheteur, prix_fcfa, date_vente, poids_vente_kg) VALUES
(1, 3, 'Moussa Ndiaye', '776543210', 450000, '2026-03-01', 310.5),
(2, 24, 'Alioune Sow', '701234567', 850000, '2026-03-15', 650.0),
(3, 10, 'Boucher Dakar', '338221100', 150000, '2026-02-10', 280.0),
(4, 18, 'Elevage Moderne', '765554433', 900000, '2026-04-01', 590.0),
(5, 20, 'Ferme Nord', '771112233', 950000, '2026-04-02', 700.0),
(6, 12, 'M. Touré', '789990011', 400000, '2026-01-15', 265.0),
(7, 6, 'Boucher Rufisque', '704445566', 380000, '2026-02-20', 270.0),
(8, 8, 'Elevage Sine', '772223344', 420000, '2026-03-25', 300.0),
(9, 14, 'M. Fall', '761119988', 410000, '2026-03-28', 315.0),
(10, 23, 'Ferme Est', '770008877', 350000, '2026-04-03', 220.0),
(11, 34, 'Export Mali', '002237654', 1100000, '2026-04-01', 680.0),
(12, 40, 'Boucher Central', '338000000', 920000, '2026-04-04', 640.0),
(13, 22, 'Vente Particulier', '771230099', 430000, '2026-04-05', 245.0),
(14, 15, 'Ferme Ecole', '339871122', 120000, '2026-04-05', 55.0),
(15, 1, 'Boucher Guediawaye', '701112233', 550000, '2026-04-06', 355.0),
(16, 2, 'M. Diouf', '776660011', 480000, '2026-04-06', 295.0),
(17, 4, 'Ferme Thiès', '764443322', 460000, '2026-04-07', 282.0),
(18, 5, 'M. Ndiaye', '773332211', 520000, '2026-04-07', 410.0),
(19, 7, 'Boucher Pikine', '702221100', 980000, '2026-04-08', 740.0),
(20, 9, 'M. Sow', '771110099', 490000, '2026-04-08', 320.0),
(21, 101, 'M. Diallo', '771002030', 450000, '2026-04-10', 315.0),
(22, 103, 'Ferme Nord', '702003040', 520000, '2026-04-11', 355.0),
(23, 105, 'M. Gueye', '763004050', 480000, '2026-04-12', 335.0),
(24, 107, 'Boucher Dakar', '338001122', 500000, '2026-04-13', 345.0),
(25, 109, 'Export Mali', '002237001', 550000, '2026-04-14', 330.0),
(26, 111, 'M. Sarr', '774005060', 460000, '2026-04-15', 320.0),
(27, 113, 'Ferme Thiès', '705006070', 530000, '2026-04-16', 360.0),
(28, 115, 'M. Ndiaye', '766007080', 490000, '2026-04-17', 340.0),
(29, 117, 'Boucher Mbour', '339002233', 510000, '2026-04-18', 350.0),
(30, 119, 'Export Gambie', '002209001', 540000, '2026-04-19', 335.0),
(31, 100, 'M. Faye', '777008090', 440000, '2026-04-20', 305.0),
(32, 102, 'Ferme Kaolack', '708009010', 430000, '2026-04-21', 295.0),
(33, 104, 'M. Sy', '769001020', 470000, '2026-04-22', 325.0),
(34, 106, 'Boucher Saint-Louis', '339610022', 420000, '2026-04-23', 290.0),
(35, 108, 'Export Mauritanie', '002228001', 560000, '2026-04-24', 320.0),
(36, 110, 'M. Ba', '771112233', 455000, '2026-04-25', 310.0),
(37, 112, 'Ferme Louga', '702223344', 445000, '2026-04-26', 300.0),
(38, 114, 'M. Ly', '763334455', 485000, '2026-04-27', 330.0),
(39, 116, 'Boucher Fatick', '339410033', 425000, '2026-04-28', 295.0),
(40, 118, 'Export Guinée', '002249001', 570000, '2026-04-29', 325.0);

-- ===== 8. ALERTES (40) =====
INSERT IGNORE INTO alertes (animal_id, type, message, niveau, date_creation) VALUES
(1, 'poids', 'Gain de poids ralenti pour Baaba (TAG-001).', 'warning', DATE_SUB(NOW(), INTERVAL 2 HOUR)),
(2, 'vaccination', 'Rappel Fièvre Aphteuse en retard pour Yaye (TAG-002).', 'critical', DATE_SUB(NOW(), INTERVAL 1 DAY)),
(5, 'velage', 'Vêlage imminent pour Bella (TAG-005) - 20 jours restants.', 'info', DATE_SUB(NOW(), INTERVAL 30 MINUTE)),
(15, 'poids', 'Poids critique pour veau : 45kg à 2 mois.', 'critical', DATE_SUB(NOW(), INTERVAL 5 HOUR)),
(NULL, 'autre', 'Rapport hebdomadaire : 22 animaux actifs recensés.', 'info', DATE_SUB(NOW(), INTERVAL 10 MINUTE)),
(19, 'sante', 'Suspicion de mammite sur Rosa (TAG-019).', 'warning', DATE_SUB(NOW(), INTERVAL 3 HOUR)),
(21, 'vaccination', 'Vaccin Brucellose à prévoir pour Monty (TAG-021).', 'info', DATE_SUB(NOW(), INTERVAL 12 HOUR)),
(22, 'poids', 'Pesée manquante depuis 35 jours pour Astou (TAG-022).', 'warning', DATE_SUB(NOW(), INTERVAL 4 HOUR)),
(25, 'alimentation', 'Consommation de foin supérieure à la moyenne pour Sira.', 'info', DATE_SUB(NOW(), INTERVAL 1 HOUR)),
(13, 'velage', 'Daisy (TAG-013) : Prévoir mise bas fin mai.', 'info', DATE_SUB(NOW(), INTERVAL 2 DAY)),
(100, 'poids', 'Gain de poids ralenti TAG-100', 'warning', NOW()),
(102, 'vaccination', 'Rappel PPCB en retard TAG-102', 'critical', NOW()),
(104, 'velage', 'Vêlage imminent TAG-104', 'info', NOW()),
(106, 'sante', 'Boiterie légère TAG-106', 'warning', NOW()),
(108, 'alimentation', 'Consommation foin élevée TAG-108', 'info', NOW()),
(110, 'autre', 'Nouveau lot TAG-110', 'info', NOW()),
(112, 'poids', 'Pesée manquante TAG-112', 'warning', NOW()),
(114, 'vaccination', 'Vaccin rage prévu TAG-114', 'info', NOW()),
(116, 'velage', 'Confirmation gestation TAG-116', 'info', NOW()),
(118, 'sante', 'Contrôle tiques TAG-118', 'warning', NOW()),
(101, 'poids', 'GMQ exceptionnel TAG-101', 'info', NOW()),
(103, 'sante', 'Suspicion fièvre TAG-103', 'critical', NOW()),
(105, 'alimentation', 'Ration à ajuster TAG-105', 'warning', NOW()),
(107, 'autre', 'Checkup annuel TAG-107', 'info', NOW()),
(109, 'poids', 'Alerte perte de poids TAG-109', 'critical', NOW()),
(111, 'reproduction', 'Chaleurs détectées TAG-111', 'info', NOW()),
(113, 'sante', 'Blessure légère TAG-113', 'warning', NOW()),
(115, 'alimentation', 'Transition alimentaire TAG-115', 'info', NOW()),
(117, 'poids', 'Stable TAG-117', 'info', NOW()),
(119, 'reproduction', 'Échec saillie TAG-119', 'critical', NOW()),
(26, 'sante', 'Boiterie légère sur TAG-026.', 'info', DATE_SUB(NOW(), INTERVAL 15 MINUTE)),
(27, 'reproduction', 'Chaleurs détectées sur TAG-027.', 'info', DATE_SUB(NOW(), INTERVAL 2 HOUR)),
(28, 'poids', 'Croissance exceptionnelle : +15kg en 20 jours.', 'info', DATE_SUB(NOW(), INTERVAL 6 HOUR)),
(29, 'sante', 'Baisse d\'appétit pour TAG-029.', 'warning', DATE_SUB(NOW(), INTERVAL 8 HOUR)),
(30, 'lait', 'Production laitière en baisse de 10%.', 'warning', DATE_SUB(NOW(), INTERVAL 12 HOUR)),
(32, 'autre', 'Nouveau reproducteur TAG-032 intégré.', 'info', DATE_SUB(NOW(), INTERVAL 1 DAY)),
(33, 'vaccination', 'Prévoir rappel charbon pour TAG-033.', 'info', DATE_SUB(NOW(), INTERVAL 18 HOUR)),
(35, 'sante', 'TAG-035 sous surveillance (tiques).', 'warning', DATE_SUB(NOW(), INTERVAL 1 HOUR)),
(37, 'reproduction', 'Échec saillie précédente pour TAG-037.', 'critical', DATE_SUB(NOW(), INTERVAL 3 DAY)),
(39, 'poids', 'Poids de naissance enregistré pour veau TAG-039.', 'info', DATE_SUB(NOW(), INTERVAL 4 DAY));

-- ===== 9. HISTORIQUE STATUT (40) =====
INSERT IGNORE INTO historique_statut (animal_id, ancien_statut, nouveau_statut, date_changement) VALUES
(3, 'actif', 'vendu', '2026-03-01 10:00:00'), (24, 'actif', 'vendu', '2026-03-15 11:00:00'),
(10, 'actif', 'mort', '2026-02-10 12:00:00'), (18, 'actif', 'vendu', '2026-04-01 13:00:00'),
(20, 'actif', 'vendu', '2026-04-02 14:00:00'), (12, 'actif', 'vendu', '2026-01-15 15:00:00'),
(6, 'actif', 'vendu', '2026-02-20 16:00:00'), (8, 'actif', 'vendu', '2026-03-25 17:00:00'),
(14, 'actif', 'vendu', '2026-03-28 18:00:00'), (23, 'actif', 'vendu', '2026-04-03 19:00:00'),
(101, 'actif', 'vendu', '2026-04-10 10:00:00'), (103, 'actif', 'vendu', '2026-04-11 11:00:00'),
(105, 'actif', 'vendu', '2026-04-12 12:00:00'), (107, 'actif', 'vendu', '2026-04-13 13:00:00'),
(109, 'actif', 'vendu', '2026-04-14 14:00:00'), (111, 'actif', 'vendu', '2026-04-15 15:00:00'),
(113, 'actif', 'vendu', '2026-04-16 16:00:00'), (115, 'actif', 'vendu', '2026-04-17 17:00:00'),
(117, 'actif', 'vendu', '2026-04-18 18:00:00'), (119, 'actif', 'vendu', '2026-04-19 19:00:00'),
(100, 'actif', 'vendu', '2026-04-20 10:00:00'), (102, 'actif', 'vendu', '2026-04-21 11:00:00'),
(104, 'actif', 'vendu', '2026-04-22 12:00:00'), (106, 'actif', 'vendu', '2026-04-23 13:00:00'),
(108, 'actif', 'vendu', '2026-04-24 14:00:00'), (110, 'actif', 'vendu', '2026-04-25 15:00:00'),
(112, 'actif', 'vendu', '2026-04-26 16:00:00'), (114, 'actif', 'vendu', '2026-04-27 17:00:00'),
(116, 'actif', 'vendu', '2026-04-28 18:00:00'), (118, 'actif', 'vendu', '2026-04-29 19:00:00'),
(34, 'actif', 'vendu', '2026-04-01 10:00:00'), (40, 'actif', 'vendu', '2026-04-04 11:00:00'),
(22, 'actif', 'vendu', '2026-04-05 12:00:00'), (15, 'actif', 'vendu', '2026-04-05 13:00:00'),
(1, 'actif', 'vendu', '2026-04-06 14:00:00'), (2, 'actif', 'vendu', '2026-04-06 15:00:00'),
(4, 'actif', 'vendu', '2026-04-07 16:00:00'), (5, 'actif', 'vendu', '2026-04-07 17:00:00'),
(7, 'actif', 'vendu', '2026-04-08 18:00:00'), (9, 'actif', 'vendu', '2026-04-08 19:00:00');
